,ticker,index,d_sameind,launch_order
0,AAXJ,Asia ex Japan,1,1.0
1,ACES,CIBC Atlas Clean Energy Index,0,
2,ACSG,MSCI ACWI ex USA ESG Leaders Index,0,
3,ACSI,American Customer Satisfaction Investable Index,0,
4,ACWF,MSCI ACWI Diversified MultiFactor Index,0,
5,ACWI,All World,1,1.0
6,ACWV,MSCI ACWI Minimum Vol (USD) NR USD,0,
7,ACWX,MSCI ACWI ex-US Index,1,2.0
8,ADRA,BONY Asia 50 ADR TR USD,0,
9,ADRD,BONY Developed Markets 100 ADR TR USD,0,
10,ADRE,BONY Emerging Markets 50 ADR TR USD,0,
11,ADRU,BONY Europe 100 ADR TR,0,
12,AFK,MV GDP Africa NR USD,0,
13,AFTY,FTSE CHINA A50 INDEX,0,
14,AGT,MSCI All Argentina 25/50 Index,1,2.0
15,AIA,S&P Asia 50 TR USD,0,
16,AIQ,Indxx Artificial Intelligence & Big Data Index,0,
17,AIRR,Richard Bernstein Advisors American Industrial Renaissance USD,0,
18,ALFA,AlphaClone Hedge Fund Long/Short TR USD,0,
19,ALTL,Lunt Capital U.S. Large Cap Equity Rotation Index,0,
20,AMCA,Russell 1000 Pure Domestic Exposure Index,0,
21,AMER,Emles American Manufacturing Index,0,
22,AMLP,Alerian MLP Infrastructure TR USD,0,
23,ANEW,MSCI Global Transformational Changes Index,0,
24,ARGT,MSCI All Argentina 25/50 Index,1,1.0
25,ARMR,Armor US Equity Index,0,
26,ASEA,FTSE/Asean 40,0,
27,ASHR,CSI 300 USD,0,
28,ASHS,China Securities 500 Index,0,
29,ASHX,CSI 300 USD Hedged Index,0,
30,AUSF,Adaptive Wealth Strategies U.S. Factor Index,0,
31,AWAY,Prime Travel Technology Index,0,
32,AXJL,WisdomTree Asia Pacific Ex Japan TR USD,0,
33,BBAX,Morningstar Developed Asia Pacific ex-Japan Target Market Exposure Index,0,
34,BBC,LifeSci Biotechnology Clinical Trials Index,0,
35,BBCA,Canada,1,2.0
36,BBEU,Morningstar Developed Europe Target Market Exposure Index,0,
37,BBH,MV US Listed Biotech 25 NR USD,0,
38,BBIN,Morningstar Developed Markets ex-North America Target Market Exposure Index,0,
39,BBJP,Japan,1,2.0
40,BBMC,Morningstar US Mid Cap Target Market Exposure Extended IndexSM,0,
41,BBP,LifeSci Biotechnology Products Index,0,
42,BBSC,Morningstar US Small Cap Target Market Exposure Extended Index,0,
43,BBUS,Morningstar US Target Market Exposure Index,0,
44,BETZ,Roundhill Sports Betting & iGaming Index,0,
45,BFIT,Indxx Global Health & Wellness Thematic Index,0,
46,BFOR,Barrons 400 TR USD,0,
47,BIBL,Inspire 100 Index,0,
48,BICK,ISE BICK USD,0,
49,BIZD,MV US Business Dvlpmnt Companies GR USD,0,
50,BJK,MV Global Gaming NR USD,0,
51,BKEM,Morningstar Emerging Markets Large Cap Index,0,
52,BKIE,Morningstar Developed Markets ex-US Large Cap Index,0,
53,BKLC,Morningstar US Large Cap Index,0,
54,BKMC,Morningstar US Mid Cap Index,0,
55,BKSE,Morningstar US Small Cap Index,0,
56,BLCN,Reality Shares NASDAQ Blockchain Economy Index,0,
57,BLES,Inspire Global Hope Large Cap Equal Weight Index,0,
58,BNE,Blue Horizon New Energy Economy 100 Index,0,
59,BOSS,Solactive U.S. Founder-Run Companies Index,0,
60,BOTZ,Indxx Global Robotics & Artificial Intelligence Thematic Index,0,
61,BOUT,IBD Breakout Stocks Index,0,
62,BRF,MV Brazil Small Cap NR USD,0,
63,BTAL,DJ US Thematic Mkt Neut Anti-Beta TR USD,0,
64,BTEC,NASDAQ U.S. Healthcare Innovators Index,0,
65,BUG,Indxx Cybersecurity Index,0,
66,BUL,S&P 900 Pure Growth Index,0,
67,BUY,SummerHaven Private Equity Strategy Index,0,
68,BUYN,SummerHaven Private Equity Natural Resources Strategy Index,0,
69,BVAL,BrandTransact50 Index,0,
70,CALF,Pacer US Small Cap Cash Cows Index,0,
71,CARZ,NASDAQ OMX Global Automobile TR USD,0,
72,CATH,S&P 500 Catholic Values Index,0,
73,CCON,Solactive Connected Consumer Index,0,
74,CDC,CEMP U.S. Large Cap High Dividend 100 Long/Cash Volatility Weigh,0,
75,CDL,CEMP US Large Cap High Dividend 100 Volatility Weighted Index,0,
76,CEFA,S&P Developed ex-U.S. Catholic Values Index,0,
77,CEY,CEMP Emerging Market High Dividend 100 Volatility Weighted Index,0,
78,CEZ,CEMP Emerging Market 500 Volatility Weighted Index,0,
79,CFA,CEMP U.S. Large Cap 500 Volatility Weighted Index,0,
80,CFO,CEMP U.S. Large Cap 500 Long/Cash Volatility Weighted Index,0,
81,CGW,S&P Global Water NR,0,
82,CHB,Solactive China Biotech Innovation Index,0,
83,CHEP,DJ US Thematic Mkt Neut Value TR USD,0,
84,CHGX,Change Finance Diversified Impact U.S. Large Cap Fossil Fuel Free Index,0,
85,CHIC,MSCI China Communication Services 10/50 Index,0,
86,CHIE,Solactive China Energy TR USD,0,
87,CHIH,MSCI China Health Care 10/50 Index,0,
88,CHII,Solactive China Industrials TR USD,0,
89,CHIK,MSCI China Information Technology 10/50 Index,0,
90,CHIL,MSCI China Top 50 10/50 Index,0,
91,CHIM,Solactive China Materials TR USD,0,
92,CHIQ,Solactive China Consumer TR USD,0,
93,CHIR,MSCI China Real Estate 10/50 Index,0,
94,CHIS,MSCI China Consumer Staples 10/50 Index,0,
95,CHIU,MSCI China Utilities 10/50 Index,0,
96,CHIX,Solactive China Financials TR USD,0,
97,CHNA,Loncar China BioPharma Index,0,
98,CIBR,Nasdaq CTA Cybersecurity Index,0,
99,CID,CEMP International High Dividend 100 Volatility Weighted Index,0,
100,CIL,CEMP International 500 Volatility Weighted Index,0,
101,CIZ,CEMP International 500 Long/Cash Volatility Weighted Index,0,
102,CLOU,Indxx Global Cloud Computing Index,0,
103,CLRG,NASDAQ Chaikin Power US Large Cap Index,0,
104,CN,MSCI China All Shares Index,1,1.0
105,CNCR,Loncar Cancer Immunotherapy Index,0,
106,CNHX,MSCI China A International with CNH 100% Hedged to USD Index,0,
107,CNRG,S&PKensho Clean Power Index,0,
108,CNXT,SME-ChiNext 100 Index,0,
109,CNYA,MSCI China A International index,0,
110,COPX,Solactive Global Copper Miners TR USD,0,
111,COWZ,Pacer US Cash Cows 100 Index,0,
112,CQQQ,China Technology Sector,1,1.0
113,CRAK,Market Vectors Global Oil Refiners Index,0,
114,CRBN,MSCI ACWI Low Carbon Target Index,1,2.0
115,CROP,IQ Global Agribusiness Small Cap TR USD,0,
116,CSA,CEMP US Small Cap 500 Volatility Weighted Index,0,
117,CSB,CEMP US Small Cap High Dividend 100 Volatility Weighted Index,0,
118,CSD,Beacon Spin-Off TR USD,0,
119,CSF,CEMP U.S. Small Cap 500 Long/Cash Volatility Weighted Index,0,
120,CSM,Credit Suisse 130/30 Large Cap USD,0,
121,CSML,NASDAQ Chaikin Power US Small Cap Index,0,
122,CTEC,Indxx Global CleanTech Index,0,
123,CUT,Beacon Global Timber USD,0,
124,CWI,MSCI ACWI ex-US Index,1,1.0
125,CXSE,WisdomTree China ex-State-Owned Enterprises Index,0,
126,CZA,Zacks Mid-Cap Core USD,0,
127,DALI,Nasdaq DorseyWright DALI 1 Index,0,
128,DAX,DAX Index,0,
129,DBAW,MSCI ACWI ex USA US Dollar Hedged USD,0,
130,DBEF,MSCI EAFE 100% Hedged NR USD,0,
131,DBEM,MSCI EM 100% Hedged to USD,0,
132,DBEU,MSCI Europe US Dollar Hedged USD,0,
133,DBEZ,MSCI EMU IMI U.S. Dollar Hedged Index,0,
134,DBGR,MSCI Germany Hdg PR USD,0,
135,DBJP,MSCI Japan 100% Hedged NR USD,0,
136,DDIV,Dorsey Wright Momentum Plus Dividend Yield Index,0,
137,DDLS,WisdomTree Dynamic Currency Hedged International SmallCap Equity,0,
138,DDWM,WisdomTree Dynamic Currency Hedged International Equity Index,0,
139,DEEF,FTSE Developed ex US Comprehensive Factor Net Tax (US RIC) Index,0,
140,DEEP,Acquirers Deep Value Index,0,
141,DEF,Sabrient Defensive Equity TR USD,0,
142,DEFA,MSCI EAFE Adaptive Hedge to USD Index,0,
143,DEM,WisdomTree EM Equity Income TR USD,0,
144,DEMZ,DEMZ Political Contribution Index,0,
145,DES,WisdomTree SmallCap Dividend TR USD,0,
146,DEUS,Russell 1000 Comprehensive Factor Index,0,
147,DEW,WisdomTree Global Equity Income TR USD,0,
148,DFE,WisdomTree Europe SC Dividend TR USD,0,
149,DFJ,WisdomTree Japan SC Dividend TR USD,0,
150,DFND,Reality Shares DIVCON Dividend Defender Index,0,
151,DGRO,Morningstar US Dividend Growth Index,0,
152,DGRS,WisdomTree US Sm Cap Div Growth TR USD,0,
153,DGRW,WisdomTree U.S. Dividend Growth TR USD,0,
154,DGS,WisdomTree EM SmallCap Dividend TR USD,0,
155,DGT,DJ Global TR USD,0,
156,DHDG,WisdomTree Dynamic Currency Hedged International Quality Dividen,0,
157,DHS,WisdomTree Equity Income TR USD,0,
158,DIA,DJ Industrial Average TR USD,0,
159,DIET,BlueStar Food and Agriculture Sustainability Index,0,
160,DIM,WisdomTree Intl MidCap Dividend TR USD,0,
161,DIV,INDXX SuperDividend US Low Volat TR USD,0,
162,DIVA,INDXX Hedged Dividend Income Index,0,
163,DIVB,Morningstar U.S. Dividend and Buyback Index,0,
164,DJD,Dow Jones Industrial Average Yield Weighted,0,
165,DLN,WisdomTree LargeCap Dividend TR USD,0,
166,DLS,WisdomTree Intl SmallCap Dividend TR USD,0,
167,DMDV,S&P Developed Ex-U.S. Dividend and Free Cash Flow Yield Index,0,
168,DMXF,MSCI EAFE Choice ESG Screened Index,0,
169,DNL,WisdomTree Global Ex Us Growth TR USD,0,
170,DOGS,AI Dogs of the World ex US Total Return Index,0,
171,DOL,WisdomTree Intl LargeCap Dividend TR USD,0,
172,DON,WisdomTree MidCap Dividend TR USD,0,
173,DOO,WisdomTree Intl Dividend Ex Fincl TR USD,0,
174,DRIV,Solactive Autonomous & Electric Vehicles Index,0,
175,DSI,MSCI KLD 400 Social GR USD,0,
176,DSTL,Distillate Fundamental Stability & Value Index,0,
177,DSTX,Distillate International Fundamental Stability & Value Index,0,
178,DTD,WisdomTree Dividend TR USD,0,
179,DTEC,Indxx Disruptive Technologies Index,0,
180,DTH,WisdomTree DEFA Equity Income TR USD,0,
181,DTN,WisdomTree Dividend Ex Financials TR USD,0,
182,DUAL,North Shore Dual Share Class Index,0,
183,DURA,Morningstar US Dividend Valuation Index,0,
184,DVEM,WisdomTree Emerging Markets Dividend Index,0,
185,DVLU,Dorsey Wright Momentum Plus Value Index,0,
186,DVOL,Dorsey Wright Momentum Plus Low Volatility Index,0,
187,DVP,TWM Deep Value Index,0,
188,DVY,DJ US Select Dividend TR USD,0,
189,DVYA,DJ Asia Pac Select Dividend 30 TR USD,0,
190,DVYE,DJ Emerging Markets Sel Dividend TR USD,0,
191,DWAQ,Dorsey Wright Technical leaders TR USD,0,
192,DWAS,DorseyWright SmlCap Tech Leaders TR USD,0,
193,DWCR,Dorsey Wright Country and Stock Momentum Index,0,
194,DWM,WisdomTree DEFA TR USD,0,
195,DWPP,Nasdaq Dorsey Wright Peoples Portfolio Index,0,
196,DWTR,Dorsey Wright Sector 4 Index,0,
197,DWX,S&P Intl Dividend Opportunities TR USD,0,
198,DXGE,WisdomTree Germany Hedged Equity USD,0,
199,DXJ,WisdomTree Japan Hedged Equity TR USD,0,
200,DXJS,WisdomTree Japan Hedged Sm Cap Eq TR USD,0,
201,DYHG,Salt truVol US Large Cap Dynamic Hedge Index,0,
202,EASG,MSCI Emerging Markets ESG Leaders Index,1,1.0
203,EBIZ,Solactive E-commerce Index,0,
204,EBLU,Tortoise Global Water ESG Index,0,
205,ECH,MSCI Chile IMI 25-50 NR USD,0,
206,ECNS,MSCI China Small NR USD,0,
207,ECON,DJ EM Consumer Titans 30 TR USD,0,
208,ECOW,FTSE Emerging Markets Index,0,
209,EDEN,MSCI Denmark IMI 25/50 NR USD,0,
210,EDIV,S&P EM Dividend Opportunities TR USD,0,
211,EDOC,Solactive Telemedicine & Digital Health Index,0,
212,EDOG,S-Network Emerging Sector Dividend Dogs USD,0,
213,EDOW,Dow Jones Industrial Average Equal Weight Index,0,
214,EDUT,Indxx Global Education Thematic Index,0,
215,EEB,BNY Mellon BRIC Select DR USD,0,
216,EELV,S&P BMI EM Low Volatility TR USD,0,
217,EEM,Emerging Markets,1,1.0
218,EEMA,MSCI EM Asia NR USD,0,
219,EEMD,S&P Emerging Markets Dividend and Free Cash Flow Yield Index,0,
220,EEMO,S&P Momentum Emerging Plus LargeMidCap Index,0,
221,EEMS,MSCI EM Small NR USD,0,
222,EEMV,MSCI EM Minimum Volatility (USD) NR USD,0,
223,EEMX,MSCI Emerging Markets ex Fossil Fuels Index,0,
224,EES,WisdomTree SmallCap Earnings TR USD,0,
225,EFA,MSCI EAFE NR USD,0,
226,EFAD,MSCI EAFE Dividend Masters Index,0,
227,EFAS,MSCI EAFE Top 50 Dividend Index,0,
228,EFAV,MSCI EAFE Minimum Volatility NR USD,0,
229,EFAX,MSCI EAFE ex Fossil Fuels Index,0,
230,EFG,MSCI EAFE Growth NR USD,0,
231,EFIV,S&P 500 ESG Index,0,
232,EFNL,MSCI Finland IMI 25/50 NR USD,0,
233,EFV,MSCI EAFE Value NR USD,0,
234,EGPT,MV Egypt NR USD,0,
235,EIDO,MSCI Indonesia IMI NR USD,0,
236,EINC,MVIS North America Energy Infrastructure Index,0,
237,EIRL,MSCI Ireland Capped NR USD,0,
238,EIS,MSCI Israel Capped NR USD,0,
239,EKAR,Innovation Labs Next Generation Vehicles Index,0,
240,EMDV,MSCI Emerging Markets Dividend Masters Index,0,
241,EMEM,Solactive Most Favored Nations Emerging Markets Index,0,
242,EMFM,Solactive Next Emerging & Frontier USD,0,
243,EMGF,MSCI Emerging Market Diversified Multiple-Factor Index,0,
244,EMIF,S&P Emerging Markets Infrastructure TR,0,
245,EMQQ,The Emerging Markets Internet & Ecommerce Index,0,
246,EMSG,MSCI Emerging Markets ESG Leaders Index,1,2.0
247,EMTY,Solactive-ProShares Bricks and Mortar Retail Store Index,0,
248,EMXC,MSCI Emerging Markets ex China Index,0,
249,EMXF,MSCI Emerging Markets Choice ESG Screened 5% Issuer Capped Index,0,
250,ENFR,Alerian Energy Infrastructure USD,0,
251,ENOR,MSCI Norway IMI 25/50 Index,1,2.0
252,ENTR,Entrepreneur 30 Index,0,
253,ENZL,MSCI New Zealand IMI 25/50 NR USD,0,
254,EPHE,MSCI Philippines IMI NR USD,0,
255,EPI,WisdomTree India Earnings TR USD,0,
256,EPOL,MSCI Poland IMI 25/50 NR USD,0,
257,EPP,MSCI Pacific Ex Japan NR USD,0,
258,EPRF,S&P U.S. High Quality Preferred Stock Index,0,
259,EPS,WisdomTree Earnings 500 TR USD,0,
260,EPU,MSCI All Peru Capped NR USD,0,
261,EQAL,Russell 1000 Equal Weight Index,0,
262,EQL,ML Equal Sector Weight USD,0,
263,EQRR,Nasdaq U.S. Large Cap Equities for Rising Rates Index,0,
264,EQWL,Russell Top 200 Equal Weight Index,0,
265,ERSX,Entrepreneur Non-US Small Cap Index,0,
266,ERUS,Russia,1,2.0
267,ESG,STOXX US ESG Impact Index,0,
268,ESGD,MSCI EAFE ESG Select Index,0,
269,ESGE,MSCI Emerging Markets ESG Select Index,0,
270,ESGF,OFI Revenue Weighted Global ESG Index,0,
271,ESGG,STOXX Global ESG Impact Index,0,
272,ESGL,OFI Revenue Weighted ESG Index,0,
273,ESGN,Beta Advantage Sustainable International Equity Income 100 Index,0,
274,ESGS,Beta Advantage Sustainable U.S. Equity Income 100 Index,0,
275,ESGU,MSCI USA ESG Focus Index,0,
276,ESGV,FTSE US All Cap Choice Index,0,
277,ESGW,Beta Advantage Sustainable Global Equity Income 200 Index,0,
278,ESML,MSCI USA Small Cap Extended ESG Focus Index,0,
279,ESNG,MSCI USA ESG Universal Top - Bottom 150/50 Return Spread Index,0,
280,ESPO,MVIS Global Video Gaming and eSports Index,0,
281,ETHO,Etho Climate Leadership Index,0,
282,EUDG,WisdomTree Europe Dividend Growth Index,0,
283,EUDV,MSCI Europe Dividend Masters Index,0,
284,EUFN,MSCI Europe/Financials NR USD,0,
285,EUMV,MSCI Europe Minimum Volatility Index,0,
286,EURZ,NASDAQ Eurozone Large Mid Cap Index,0,
287,EUSA,MSCI USA NR USD,0,
288,EUSC,WisdomTree Europe Hedged SmallCap Equity Index,0,
289,EVX,NYSE Arca Environmental Services USD,0,
290,EWA,Australia,1,1.0
291,EWC,Canada,1,1.0
292,EWCO,S&P 500 Equal Weight Communication Services Plus Index,0,
293,EWD,MSCI Sweden NR USD,0,
294,EWEB,Nasdaq CTA Emerging Markets Internet & E-commerce Index,0,
295,EWEM,MSCI EM Equal Weighted NR USD,0,
296,EWG,Germany,1,1.0
297,EWGS,MSCI Germany Small Cap NR USD,0,
298,EWH,Hong Kong,1,1.0
299,EWI,MSCI Italy 25/50 NR USD,0,
300,EWJ,Japan,1,1.0
301,EWJE,MSCI Japan Equal Weighted Index,0,
302,EWJV,MSCI Japan Value Index,0,
303,EWK,MSCI Belgium IMI 25/50 NR USD,0,
304,EWL,Switzerland,1,1.0
305,EWM,MSCI Malaysia NR USD,0,
306,EWMC,S&P MidCap 400 Equal Weight Index,0,
307,EWN,MSCI Netherlands IMI NR USD,0,
308,EWO,MSCI Austria IMI 25/50 NR USD,0,
309,EWP,MSCI Spain 25/50 TR USD,0,
310,EWQ,France,1,1.0
311,EWS,MSCI Singapore NR USD,0,
312,EWSC,S&P SmallCap 600 Equal Weight Index,0,
313,EWT,Taiwan,1,1.0
314,EWU,UK,1,1.0
315,EWUS,MSCI UK Small Cap NR USD,0,
316,EWW,Mexico,1,1.0
317,EWX,S&P EM Cap Rng<2 Bil TR USD,0,
318,EWY,Korea,1,1.0
319,EWZ,Brazil,1,1.0
320,EWZS,MSCI Brazil Small NR USD,0,
321,EXI,S&P Global 1200 Sec/Industrials TR,0,
322,EXT,WisdomTree Earnings TR USD,0,
323,EYLD,Cambria Emerging Shareholder Yield Index,0,
324,EZA,South Africa,1,1.0
325,EZM,WisdomTree MidCap Earnings TR USD,0,
326,EZU,Eurozone,1,1.0
327,FAB,Defined Multi Cap Value TR USD,0,
328,FAD,Defined Multi Cap Growth TR USD,0,
329,FAN,ISE Global Wind Energy USD,0,
330,FAUS,Defined Australia TR USD,0,
331,FBT,NYSE Arca Biotechnology TR USD,0,
332,FBZ,Defined Brazil USD,0,
333,FCA,Defined China USD,0,
334,FCAN,Defined Canada TR USD,0,
335,FCG,ISE Revere Natural Gas USD,0,
336,FCOM,MSCI USA IMI Telecommu Serv 25/50 USD,0,
337,FCPI,Fidelity Stocks for Inflation Factor Index,0,
338,FDD,STOXX Europe Select Dividend 30 NR USD,0,
339,FDEM,Fidelity Targeted Emerging Markets Factor Index,0,
340,FDEV,Fidelity Targeted International Factor Index,0,
341,FDIS,MSCI USA IMI Consumer Discretionary USD,0,
342,FDL,Morningstar Dividend Leaders TR USD,0,
343,FDLO,Fidelity U.S. Low Volatility Factor Index,0,
344,FDM,DJ Select Micro Cap TR USD,0,
345,FDMO,Fidelity U.S. Momentum Factor Index,0,
346,FDN,US Internet Sector,1,1.0
347,FDNI,Dow Jones International Internet Index,0,
348,FDRR,Fidelity Dividend Index for Rising Rates,0,
349,FDT,Defined Developed Markets Ex-US USD,0,
350,FDTS,Defined Developed Markets SC TR USD,0,
351,FDVV,Fidelity Core Dividend Index,0,
352,FEDX,Emles Federal Contractors Index,0,
353,FEM,Defined Emerging Markets USD,0,
354,FEMS,Defined Emerging Markets SC TR USD,0,
355,FENY,MSCI USA IMI Energy USD,0,
356,FEP,Defined Europe USD,0,
357,FEUZ,NASDAQ AlphaDEX Eurozone Index,0,
358,FEX,Defined Large Cap Core TR USD,0,
359,FEZ,Europe,1,2.0
360,FGD,DJ Global Select Dividend TR USD,0,
361,FGM,Defined Germany TR USD,0,
362,FHK,Defined Hong Kong TR USD,0,
363,FHLC,MSCI USA IMI Health Care USD,0,
364,FICS,International Developed Capital Strength Index,0,
365,FID,S&P International Dividend Aristocrats Index,0,
366,FIDI,Fidelity International High Dividend Index,0,
367,FIDU,MSCI USA IMI Industrials USD,0,
368,FILL,MSCI ACWI Select Energy Prod IMI NR USD,0,
369,FINX,Indxx Global Fintech Thematic Index,0,
370,FITE,S&P Kensho Future Security Index,0,
371,FIVA,Fidelity International Value Factor Index,0,
372,FIVG,BlueStar 5G Communications Index,0,
373,FIW,ISE Water,0,
374,FJP,Defined Japan USD,0,
375,FKO,Defined South Korea USD,0,
376,FKU,Defined United Kingdom TR USD,0,
377,FLAU,Australia,1,2.0
378,FLAX,Asia ex Japan,1,2.0
379,FLBR,Brazil,1,2.0
380,FLCA,FTSE Canada Capped Index,0,
381,FLCH,FTSE China Capped Index,0,
382,FLEE,FTSE Developed Europe Capped Index,0,
383,FLEH,FTSE Developed Europe Capped Hedged Index,0,
384,FLFR,France,1,2.0
385,FLGB,UK,1,2.0
386,FLGR,FTSE Germany Capped Index,0,
387,FLHK,Hong Kong,1,2.0
388,FLIN,FTSE India Capped Index,0,
389,FLIY,FTSE Italy Capped Index,0,
390,FLJH,FTSE Japan Capped Hedged Index,0,
391,FLJP,FTSE Japan Capped Index,0,
392,FLKR,Korea,1,2.0
393,FLLA,FTSE Latin America Capped Index,0,
394,FLM,ISE Global Engineering and Construction USD,0,
395,FLMX,Mexico,1,2.0
396,FLN,Defined Latin America USD,0,
397,FLQD,LibertyQ Global Dividend Index,0,
398,FLQE,LibertyQ Emerging Markets Index,0,
399,FLQG,LibertyQ Global Equity Index,0,
400,FLQH,LibertyQ International Equity Hedged Index,0,
401,FLQL,LibertyQ US Large Cap Equity Index,0,
402,FLQM,LibertyQ Mid Cap Index,0,
403,FLQS,LibertyQ Small Cap Index,0,
404,FLRG,Fidelity U.S. Multifactor Index,0,
405,FLRU,FTSE Russia Capped Index,0,
406,FLSA,FTSE Saudi Arabia Capped Index,0,
407,FLSW,Switzerland,1,2.0
408,FLTW,Taiwan,1,2.0
409,FLZA,South Africa,1,2.0
410,FM,MSCI Frontier Markets 100 NR USD,0,
411,FMAT,MSCI USA IMI Materials USD,0,
412,FMK,Defined Mega Cap USD,0,
413,FNCL,MSCI USA IMI Financials USD,0,
414,FNDA,Russell Fundamental US SC TR USD,0,
415,FNDB,Russell Fundamental US TR USD,0,
416,FNDC,Russell Fundamental Dv ex US SC NR USD,0,
417,FNDE,Russell Fundamental Em Mkts LC NR USD,0,
418,FNDF,Russell Fundamental Dv ex US LC NR USD,0,
419,FNDX,Russell Fundamental US LC TR USD,0,
420,FNI,ISE Chindia TR USD,0,
421,FNK,Defined Mid Cap Value USD,0,
422,FNX,Defined Mid Cap Core TR USD,0,
423,FNY,Defined Mid Cap Growth USD,0,
424,FOVL,FTSE Focused Value Select Index,0,
425,FPA,Defined Asia Pacific Ex-Japan USD,0,
426,FPX,IPOX 100 TR USD,0,
427,FPXE,IPOX 100 Europe Index,0,
428,FPXI,IPOX International Index,0,
429,FQAL,Fidelity U.S. Quality Factor Index,0,
430,FRAK,MV Global Unconventional Oil&Gas NR USD,0,
431,FRDM,Life + Liberty Freedom 100 Emerging Markets Index,0,
432,FRN,BONY New Frontier DR TR USD,0,
433,FSMD,Fidelity Small-Mid Factor Index,0,
434,FSTA,MSCI USA IMI Consumer Staples USD,0,
435,FSZ,Defined Switzerland TR USD,0,
436,FTA,Defined Large Cap Value USD,0,
437,FTAG,Indxx Global Agriculture Index,0,
438,FTC,Defined Large Cap Growth USD,0,
439,FTCS,Capital Strength TR USD,0,
440,FTEC,MSCI USA IMI Information Technology USD,0,
441,FTRI,Indxx Global Natural Resources Income Index,0,
442,FTXD,Nasdaq US Smart Retail Index,0,
443,FTXG,Nasdaq US Smart Food & Beverage Index,0,
444,FTXH,Nasdaq US Smart Pharmaceuticals Index,0,
445,FTXL,Nasdaq US Smart Semiconductor Index,0,
446,FTXN,Nasdaq US Smart Oil & Gas Index,0,
447,FTXO,Nasdaq US Smart Banks Index,0,
448,FTXR,Nasdaq US Smart Transportation Index,0,
449,FUTY,MSCI USA IMI Utilities USD,0,
450,FV,Dorsey Wright Focus Five USD,0,
451,FVAL,Fidelity U.S. Value Factor Index,0,
452,FVC,Dorsey Wright Dynamic Focus Five Index,0,
453,FVD,Value Line Dividend TR USD,0,
454,FVL,Value Line 100 TR USD,0,
455,FXD,StrataQuant Consumer Disc TR USD,0,
456,FXG,StrataQuant Consumer Staples TR USD,0,
457,FXH,StrataQuant Health Care TR USD,0,
458,FXI,FTSE China 25 TR USD,0,
459,FXL,StrataQuant Technology TR USD,0,
460,FXN,StrataQuant Energy TR USD,0,
461,FXO,StrataQuant Financials TR USD,0,
462,FXR,StrataQuant Industrials TR USD,0,
463,FXU,StrataQuant Utilities TR USD,0,
464,FXZ,StrataQuant Materials TR USD,0,
465,FYC,Defined Small Cap Growth USD,0,
466,FYLD,Cambria Foreign Shareholder Yield USD,0,
467,FYT,Defined Small Cap Value USD,0,
468,FYX,Defined Small Cap Core USD,0,
469,GAMR,EEFund Video Game Tech Index,0,
470,GARD,Reality Shares DIVCON Dividend Guard Index,0,
471,GBDV,Global Beta Smart Income Index,0,
472,GBGR,Global Beta Momentum-Growth Factor Index,0,
473,GBLO,Global Beta Low Beta Factor Index,0,
474,GBUY,Motif New Age Consumer Index,0,
475,GCOW,Pacer Global Cash Cows Dividends 100 Index,0,
476,GDAT,Motif Data Driven World Index,0,
477,GDNA,Motif Human Evolution Index,0,
478,GDX,NYSE Arca Gold Miners TR USD,0,
479,GDXJ,MV Global Junior Gold Miners NR USD,0,
480,GEM,Goldman Sachs ActiveBeta Emerging Markets Equity Index,0,
481,GENY,NASDAQ Global Millennial Opportunity Index,0,
482,GERM,"Prime Treatments, Testing and Advancements Index",0,
483,GFIN,Motif Finance Reimagined Index,0,
484,GHII,S&P High Income Infrastructure Index,0,
485,GII,S&P Global Infrastructure Index,1,1.0
486,GINN,Solactive Innovative Global Equity Index,0,
487,GLCN,MarketGrader China All-Cap Growth Leaders Index,0,
488,GLIN,MarketGrader India All-Cap Growth Leaders Index,0,
489,GMAN,Motif Manufacturing Revolution Index,0,
490,GMF,S&P Asia Pacific Emerging BMI TR USD,0,
491,GNOM,Solactive Genomics Index,0,
492,GNR,S&P Global Natural Resources TR USD,0,
493,GOAT,Morningstar Global Wide Moat Focus Index,0,
494,GOAU,U.S. Global GO GOLD and Precious Metal Miners Index,0,
495,GOEX,Solactive Global Gold Explorers ETF Index,0,
496,GREK,FTSE/Athex 20 Capped TR USD,0,
497,GRES,IQ Global Resources TR USD,0,
498,GRID,NASDAQ OMX ClnEdge SmartGridInfra PR USD,0,
499,GSEE,Solactive GBS Emerging Markets Large & Mid Cap Index,0,
500,GSEU,Goldman Sachs ActiveBeta Europe Equity Index,0,
501,GSEW,Solactive US Large Cap Equal Weight Index,0,
502,GSID,Solactive GBS Developed Markets ex North America Large & Mid Cap Index,0,
503,GSIE,Goldman Sachs ActiveBeta International Equity Index,0,
504,GSJY,Goldman Sachs ActiveBeta Japan Equity Index,0,
505,GSLC,Goldman Sachs ActiveBeta U.S. Large Cap Equity Index,0,
506,GSSC,Goldman Sachs ActiveBeta U.S. Small Cap Equity Index,0,
507,GSUS,Solactive GBS United States Large & Mid Cap Index,0,
508,GULF,WisdomTree Middle East Dividend TR USD,0,
509,GUNR,Morningstar Gbl Upstream Ntl Res TR USD,0,
510,GURU,Solactive Guru TR USD,0,
511,GVAL,Cambria Global Value USD,0,
512,GVIP,Goldman Sachs Hedge Fund VIP Index TR,0,
513,GWX,S&P Developed Ex US Under USD2 BL TR USD,0,
514,GXC,S&P China BMI TR USD,0,
515,GXF,FTSE Nordic 30 TR USD,0,
516,GXG,FTSE Columbia 20 TR USD,0,
517,HACK,ISE Cyber Security Index,0,
518,HAIL,S&P Kensho Smart Transportation Index,0,
519,HAO,AlphaShares China SC TR USD,0,
520,HAP,Rogers-Van Eck Hard Assets Prod TR USD,0,
521,HAUD,MSCI Australia 100% Hedged to USD Index,0,
522,HAUZ,iSTOXX Developed and Emerging Markets ex USA PK VN Real Estate Index,0,
523,HAWX,MSCI ACWI ex USA 100% Hedged to USD Index,0,
524,HDAW,MSCI ACWI ex USA High Dividend Yield US Dollar Hedged Index,0,
525,HDEF,MSCI EAFE High Dividend Yield U.S. Dollar Hedged Index,0,
526,HDV,Morningstar Dividend Yield Focus TR,0,
527,HEDJ,WisdomTree Europe Hedged Equity TR USD,0,
528,HEEM,MSCI Emerging Markets 100% USD Hedged Index,0,
529,HEFA,MSCI EAFE 100% Hedged NR USD,0,
530,HERD,"Pacer US Cash Cows 100 Index, Pacer US Small Cap Cash Cows Index, Pacer US Cash Cows Growth Index, Pacer Global Cash Cows Divide",0,
531,HEWC,MSCI Canada 100% Hedged to USD Index,0,
532,HEWG,MSCI Germany 100% Hedged NR USD,0,
533,HEWI,MSCI Italy 25/50 100% Hedged to USD Index,0,
534,HEWJ,MSCI Japan 100% Hedged NR USD,0,
535,HEWL,MSCI Switzerland 25/50 100% Hedged to USD Index,0,
536,HEWP,MSCI Spain 25/50 100% Hedged to USD Index,0,
537,HEWU,MSCI United Kingdom 100% Hedged to USD Index,0,
538,HEWW,MSCI Mexico IMI 25/50 100% Hedged to USD Index,0,
539,HEWY,MSCI South Korea 25/50 100% Hedged to USD Index,0,
540,HEZU,MSCI EMU 100% USD Hedged Index,0,
541,HFXE,FTSE Developed Europe 50% Hedged to USD Index,0,
542,HFXI,FTSE Developed ex North America 50% Hedged to USD Index,0,
543,HFXJ,FTSE Japan 50% Hedged to USD Index,0,
544,HIPR,Russell 1000 Hyper Growth Index,0,
545,HJPX,JPX-Nikkei 400 Total Return USD Hedged Index,0,
546,HLAL,FTSE Shariah USA Index,0,
547,HOMZ,Hoya Capital Housing 100 Index,0,
548,HSCZ,MSCI EAFE Small-Cap 100% Hedged to USD Index,0,
549,HTEC,ROBO Global Healthcare Technology and Innovation Index,0,
550,IAI,DJ US Select Investment Svcs TR USD,0,
551,IAK,DJ US Select Insurc TR USD,0,
552,IAT,DJ US Select Regional Banks TR USD,0,
553,IBB,NASDAQ Biotechnology TR USD,0,
554,IBBJ,Nasdaq Junior Biotechnology Index,0,
555,IBUY,EQM Online Retail Index,0,
556,ICLN,S&P Global Clean Energy TR USD,0,
557,ICOL,MSCI All Colombia Capped NR USD,0,
558,ICOW,Pacer Developed Markets International Cash Cows 100 Index,0,
559,IDEV,MSCI World ex USA Investable Market Index,0,
560,IDHD,S&P EPAC Ex-Korea Low Volatility High Dividend Index,0,
561,IDHQ,S&P Intl Dev Hi Quality Ranking TR USD,0,
562,IDLB,FTSE Developed ex US Low Beta Equal Weight Index,0,
563,IDLV,S&P BMI Intl Dev Low Volatility TR USD,0,
564,IDMO,S&P Momentum Developed ex-U.S. & South Korea LargeMidCap Index,0,
565,IDNA,NYSE FactSet Global Genomics and Immuno Biopharma Index,0,
566,IDOG,S-Network Intl Sec Dividend Dog NR USD,0,
567,IDRV,NYSE FactSet Global Autonomous Driving and Electric Vehicle Index,0,
568,IDU,DJ US Utilities TR USD,0,
569,IDV,DJ EPAC Select Dividend TR USD,0,
570,IDX,MV Indonesia NR USD,0,
571,IEFA,EAFE,1,2.0
572,IEMG,MSCI EM IMI NR USD,0,
573,IEO,DJ US Select Oil Explor&Prodtn TR USD,0,
574,IEUR,MSCI Europe Investable Market Index,0,
575,IEUS,MSCI Europe Small Cap Index,0,
576,IEV,Europe,1,1.0
577,IEZ,DJ US Select Oil Equip&Svcs TR USD,0,
578,IFLY,Reality Shares Drone Index,0,
579,IFRA,NYSE FactSet U.S. Infrastructure Index,0,
580,IFV,Dorsey Wright International Focus Five Index,0,
581,IGE,S&P North American Natural Resources TR,0,
582,IGF,S&P Global Infrastructure Index,1,2.0
583,IGM,S&P North American Technology TR,0,
584,IGN,S&P North American Tech Networking TR,0,
585,IGRO,Morningstar Global ex-US Dividend Growth Index,0,
586,IGV,S&P North American Tech Software TR,0,
587,IHAK,NYSE FactSet Global Cyber Security Index,0,
588,IHDG,WisdomTree International Hedged Dividend Growth Index,0,
589,IHE,DJ US Select Pharms TR USD,0,
590,IHF,DJ US Select HC Providers TR USD,0,
591,IHI,DJ US Select Medical Equip TR USD,0,
592,IJH,S&P Midcap 400 Index,1,2.0
593,IJJ,S&P Midcap 400 Value Index,1,1.0
594,IJK,S&P Midcap 400 Growth Index,1,1.0
595,IJR,S&P SmallCap 600 Index,1,1.0
596,IJS,S&P Smallcap 600 Value Index,1,1.0
597,IJT,S&P Smallcap 600 Growth Index,1,1.0
598,ILF,S&P Latin America 40 TR,0,
599,IMTM,MSCI World ex USA Momentum Index,0,
600,INCO,INDXX India Consumer TR USD,0,
601,INDA,MSCI India NR USD,0,
602,INDF,MSCI USA Industrials Diversified Multiple-Factor Capped Index,0,
603,INDY,IISL S&P/CNX Nifty TR INR,0,
604,INFR,RARE Global Infrastructure Index,0,
605,INTF,MSCI World ex USA Diversified Multi-Factor Index,0,
606,IOO,S&P Global 100 TR,0,
607,IPAC,MSCI Pacific Investable Market Index,0,
608,IPAY,ISE Mobile Payments Index,0,
609,IPFF,S&P Intl Preferred Stock TR USD,0,
610,IPKW,NASDAQ International BuyBack Achievers USD,0,
611,IPO,Renaissance IPO USD,0,
612,IPOS,Renaissance International IPO Index,0,
613,IQDE,Northern Trust Intl Quality Div TR USD,0,
614,IQDF,Northern Trust Intl Quality Div TR USD,0,
615,IQDG,WisdomTree International Quality Dividend Growth Index,0,
616,IQDY,Northern Trust Intl Quality Div TR USD,0,
617,IQIN,IQ 500 International Index,0,
618,IQLT,MSCI World ex USA Sector Neutral Quality Index,0,
619,IQSI,IQ Candriam ESG International Equity Index,0,
620,IQSU,IQ Candriam ESG US Equity Index,0,
621,IRBO,NYSE FactSet Global Robotics and Artificial Intelligence Index,0,
622,ISCF,MSCI World ex USA Small Cap Diversified MultiFactor Index,0,
623,ISDS,Invesco Strategic Developed ex-US Small Company Index,0,
624,ISDX,Invesco Strategic Developed ex-US Index,0,
625,ISEM,Invesco Strategic Emerging Markets Index,0,
626,ISMD,Inspire Small/Mid Cap Impact Equal Weight Index,0,
627,ISRA,BlueStar Israel Global TR USD,0,
628,ISZE,MSCI World ex USA Risk Weighted Index,0,
629,ITA,US Defense Sector,1,2.0
630,ITB,DJ US Select Home Builders TR USD,0,
631,ITEQ,TASE-Bluestar Israel Global Technology Index,0,
632,ITOT,US Total Market,1,2.0
633,IUS,Invesco Strategic US Index,0,
634,IUSG,Russell 3000 Growth Index,0,
635,IUSS,Invesco Strategic US Small Company Index,0,
636,IUSV,Russell 3000 Value Index,0,
637,IVE,S&P 500 Value Index,1,1.0
638,IVES,Dan Ives Global Cloud Technology Prime Index,0,
639,IVLU,MSCI World ex USA Enhanced Value Index,0,
640,IVOG,S&P Midcap 400 Growth Index,1,3.0
641,IVOO,S&P Midcap 400 Index,1,3.0
642,IVOV,S&P Midcap 400 Value Index,1,3.0
643,IVV,S&P 500 Index,1,2.0
644,IVW,S&P 500 Growth Index,1,1.0
645,IWB,Russell 1000 Index,1,1.0
646,IWC,Russell Micro Cap TR USD,0,
647,IWD,Russell 1000 Value Index,1,1.0
648,IWF,Russell 1000 Growth Index,1,1.0
649,IWFH,NYSE FactSet Global Virtual Work and Life Index,0,
650,IWL,Russell Top 200 TR USD,0,
651,IWM,Russell 2000 Index,1,1.0
652,IWN,Russell 2000 Value Index,1,1.0
653,IWO,Russell 2000 Growth Index,1,1.0
654,IWP,Russell Mid Cap Growth TR USD,0,
655,IWR,Russell Mid Cap TR USD,0,
656,IWS,Russell Mid Cap Value TR USD,0,
657,IWV,Russell 3000 Index,1,1.0
658,IWX,Russell Top 200 Value TR USD,0,
659,IWY,Russell Top 200 Growth TR USD,0,
660,IXC,S&P Global 1200 Sec/Energy TR,0,
661,IXG,S&P Global 1200 Sec/Financials TR,0,
662,IXJ,S&P Global 1200 Sec/Health Care TR,0,
663,IXN,S&P Global 1200 Sec/Info Tech TR,0,
664,IXP,S&P Global 1200 Sec/Telecom Svcs TR USD,0,
665,IXSE,WisdomTree India ex-State-Owned Enterprises Index,0,
666,IXUS,MSCI ACWI Ex USA IMI NR USD,0,
667,IYC,DJ US Consumer Svcs TR USD,0,
668,IYE,DJ US Oil&Gas TR USD,0,
669,IYF,DJ US Financial TR USD,0,
670,IYG,DJ US Financial Services TR USD,0,
671,IYH,DJ US Health Care TR USD,0,
672,IYJ,DJ US Industrials TR USD,0,
673,IYK,DJ US Consumer Goods TR USD,0,
674,IYM,DJ US Basic Materials TR USD,0,
675,IYT,DJ Transportation Average TR USD,0,
676,IYW,DJ US Technology TR USD,0,
677,IYY,DJ US TR USD,0,
678,IYZ,DJ US Select Telecom TR USD,0,
679,IZRL,ARK Israeli Innovation Index,0,
680,JCTR,JPMAM Carbon Transition US Equity Index,0,
681,JDIV,JP Morgan US Dividend Index,0,
682,JETS,U.S. Global Jets Index,0,
683,JGLD,EQM Pure Junior Gold Miners Index,0,
684,JHCS,John Hancock Dimensional Media and Communications Index,0,
685,JHEM,John Hancock Dimensional Emerging Markets Index,0,
686,JHMA,John Hancock Dimensional Materials Index,0,
687,JHMD,John Hancock Dimensional Developed International Index,0,
688,JHME,John Hancock Dimensional Energy Index,0,
689,JHMI,John Hancock Dimensional Industrials Index,0,
690,JHMS,John Hancock Dimensional Consumer Staples Index,0,
691,JHMU,John Hancock Dimensional Utilities Index,0,
692,JHSC,John Hancock Dimensional Small Cap Index,0,
693,JKD,Morningstar Large Core TR USD,0,
694,JKE,Morningstar Large Growth TR USD,0,
695,JKF,Morningstar Large Value TR USD,0,
696,JKG,Morningstar Mid Core TR USD,0,
697,JKH,Morningstar Mid Growth TR USD,0,
698,JKI,Morningstar Mid Value TR USD,0,
699,JKJ,Morningstar Small Core TR USD,0,
700,JKK,Morningstar Small Growth TR USD,0,
701,JKL,Morningstar Small Value TR USD,0,
702,JMIN,JP Morgan US Minimum Volatility Index,0,
703,JMOM,JP Morgan US Momentum Factor Index,0,
704,JOYY,MSCI Global Consumer Champions Index,0,
705,JPEM,FTSE Emerging Diversified Factor Index,0,
706,JPEU,FTSE Developed Europe Diversified Factor Index,0,
707,JPGE,FTSE Developed Diversified Factor Index,0,
708,JPIN,FTSE Developed ex North America Diversified Factor Index,0,
709,JPME,Russell Midcap Diversified Factor Index,0,
710,JPMV,MSCI Japan Minimum Volatility Index,0,
711,JPN,JPX-Nikkei 400 Net Total Return Index,1,2.0
712,JPSE,Russell 2000 Diversified Factor Index,0,
713,JPUS,Russell 1000 Diversified Factor Index,0,
714,JPXN,JPX-Nikkei 400 Net Total Return Index,1,1.0
715,JQUA,JP Morgan US Quality Factor Index,0,
716,JSMD,Janus Small/Mid Cap Growth Alpha Index,0,
717,JSML,Janus Small Cap Growth Alpha Index,0,
718,JSTC,Adasina Social Justice Index,0,
719,JUST,JUST US Large Cap Diversified Index,0,
720,JVAL,JP Morgan US Value Factor Index,0,
721,JXI,S&P Global 1200 Sec/Utilities TR,0,
722,KALL,MSCI China All Shares Index,1,2.0
723,KARS,Solactive Electric Vehicles and Future Mobility Index,0,
724,KBA,MSCI China A USD,0,
725,KBE,S&P Banks Select Industry TR USD,0,
726,KBUY,CICC China Consumer Leaders Index,0,
727,KBWB,KBW Bank TR USD,0,
728,KBWD,KBW Fin Sector Divi Yield TR USD,0,
729,KBWP,KBW Property & Casualty TR USD,0,
730,KBWR,KBW Regional Banking TR USD,0,
731,KCE,S&P Capital Markets Select Indust TR USD,0,
732,KEMQ,Solactive Emerging Markets Consumer Technology Index,0,
733,KEMX,MSCI Emerging Markets ex China Index,0,
734,KESG,MSCI China ESG Leaders 10/40 Index,0,
735,KFVG,CICC China 5G and Semiconductor Leaders Index,0,
736,KFYP,CSI Overseas China Five-Year Plan GR USD,0,
737,KGRN,MSCI China IMI Environment 10/40 Index,0,
738,KIE,S&P Insurance Select Industry TR USD,0,
739,KLCD,Russell 1000 Dividend Select Equal Weight Index,0,
740,KLDW,Gavekal Knowledge Leaders Developed World Index,0,
741,KMED,Solactive Emerging Markets Healthcare Index,0,
742,KNG,S&P 500 Dividend Aristocrats Index,1,2.0
743,KNOW,Sabrient Multi-Cap Insider QW TR USD,0,
744,KOIN,Innovation Labs Blockchain Innovators Index,0,
745,KOKU,MSCI Kokusai Net Total Return Index,0,
746,KOL,MV Global Coal NR USD,0,
747,KOMP,S&P Kensho New Economies Composite Index,0,
748,KRE,S&P Regional Banks Select Indust TR USD,0,
749,KRMA,Concinnity Conscious Companies Index,0,
750,KSA,MSCI Saudi Arabia IMI 25/50 Index,0,
751,KSCD,Russell 2000 Dividend Select Equal Weight Index,0,
752,KURE,MSCI China All Shares Health Care 10/40 Index,0,
753,KVLE,Value Line Dynamic Core Equity Index,0,
754,KWEB,China Technology Sector,1,2.0
755,KXI,S&P Global 1200 Sec/Cons Staples TR,0,
756,LDEM,MSCI EM Extended ESG Leaders 5% Issuer Capped Net Index,0,
757,LDRS,IBD ETF Leaders Index,0,
758,LEAD,Reality Shares DIVCON Leaders Dividend Index,0,
759,LEGR,Indxx Blockchain Index,0,
760,LEND,CrowdBureau Peer-to-Peer Lending and Equity Crowdfunding Index,0,
761,LGLV,Russell 1000 Low Volatility TR USD,0,
762,LIT,Solactive Global Lithium TR USD,0,
763,LIV,Emles Home Lifestyle Index,0,
764,LNGR,Indxx Global Longevity Thematic Index,0,
765,LOUP,Loup Frontier Tech Index,0,
766,LOWC,MSCI ACWI Low Carbon Target Index,1,1.0
767,LRGF,MSCI USA Diversified Multi-Factor Index,0,
768,LSAF,AlphaFactor US Core Equity Index,0,
769,LSLT,Salt Low truBeta US Market Index,0,
770,LUXE,Emles Global Luxury 50 Index,0,
771,LVHB,Lunt Capital US Large Cap Equity Rotation Index,0,
772,LVHD,QS Low Volatility High Dividend Index,0,
773,LVHE,QS Emerging Markets Low Volatility High Dividend Hedged Index,0,
774,LVHI,QS International Low Volatility High Dividend Hedged Index,0,
775,LVL,S&P Global Dividend Opport NR USD,0,
776,LVUS,Hartford Multifactor Low Volatility US Equity Index,0,
777,MAGA,Point Bridge GOP Stock Tracker Index,0,
778,MCHI,MSCI China NR USD,0,
779,MDY,S&P Midcap 400 Index,1,1.0
780,MDYG,S&P Midcap 400 Growth Index,1,2.0
781,MDYV,S&P Midcap 400 Value Index,1,2.0
782,MFDX,RAFI Dynamic Multi-Factor Developed ExUS Index,0,
783,MFEM,RAFI Dynamic Multi-Factor Emerging Market Index,0,
784,MFUS,RAFI Dynamic Multi-Factor U.S. Index,0,
785,MGC,CRSP US Mega Cap TR USD,0,
786,MGK,CRSP US Mega Cap Growth TR USD,0,
787,MGV,CRSP US Mega Cap Value TR USD,0,
788,MIDF,MSCI USA Mid Cap Diversified Multiple-Factor Index,0,
789,MILN,Indxx Millennials Thematic Index,0,
790,MJ,Prime Alternative Harvest Index,0,
791,MLPA,Solactive MLP TR USD,0,
792,MLPX,Solactive MLP & Energy Infrastruc TR USD,0,
793,MMTM,S&P 1500 Positive Momentum Tilt TR USD,0,
794,MNA,IQ Hedge Merger Arbitrage TR USD,0,
795,MOAT,Morningstar Wide Moat Focus TR USD,0,
796,MOM,DJ US Thematic Market Neut Momen TR USD,0,
797,MOO,Market Vectors Gbl Agribusiness USD,0,
798,MOON,S&P Kensho Moonshots Index,0,
799,MOTI,Morningstar Global ex-US Moat Focus Index,0,
800,MRGR,S&P Merger Arbitrage TR USD,0,
801,MTUM,MSCI USA Momentum GR USD,0,
802,MXDE,TOBAM Maximum Diversification Emerging Index,0,
803,MXDU,TOBAM Maximum Diversification USA Index,0,
804,MXI,S&P Global 1200 Sec/Materials TR,0,
805,NACP,Morningstar Minority Empowerment Index,0,
806,NANR,S&P BMI North American Natural Resources Index,0,
807,NERD,Roundhill BITKRAFT Esports Index,0,
808,NETL,Fundamental Income Net Lease Real Estate Index,0,
809,NFO,Sabrient Insider Sentiment TR USD,0,
810,NFRA,STOXX Global Broad Infrastructure USD,0,
811,NFTY,NIFTY 50 Equal Weight Index,0,
812,NGE,Solactive Nigeria TR USD,0,
813,NIFE,Indxx US Fallen Knives Index,0,
814,NLR,Market Vectors Global Uranium and Nuclear Energy USD,0,
815,NOBL,S&P 500 Dividend Aristocrats Index,1,1.0
816,NORW,MSCI Norway IMI 25/50 Index,1,1.0
817,NUDM,TIAA ESG International Developed Markets Equity Index,0,
818,NUEM,TIAA ESG Emerging Markets Equity Index,0,
819,NULC,TIAA ESG USA Large-Cap Index,0,
820,NULG,TIAA ESG USA Large-Cap Growth Index,0,
821,NULV,TIAA ESG USA Large-Cap Value Index,0,
822,NUMG,TIAA ESG USA Mid-Cap Growth Index,0,
823,NUMV,TIAA ESG USA Mid-Cap Value Index,0,
824,NUSC,TIAA ESG USA Small-Cap Index,0,
825,NXTG,Indxx 5G & NextG Thematic Index,0,
826,OBOR,MSCI Global China Infrastructure Exposure Index,0,
827,OEF,S&P 100 TR,0,
828,OEUR,FTSE Developed Europe Qual/Vol/Yield Factor 5% Capped Index,0,
829,OGIG,O Shares Global Internet Giants Index,0,
830,OIH,MV US Listed Oil Services 25 NR USD,0,
831,OLD,Solactive Long-Term Care Index,0,
832,OMFL,Russell 1000 OFI Dynamic Multifactor Index,0,
833,OMFS,Russell 2000 OFI Dynamic Multifactor Index,0,
834,OMOM,Russell 1000 Momentum Factor Index,0,
835,ONEO,Russell 1000 Momentum Focused Factor Index,0,
836,ONEQ,NASDAQ Composite TR USD,0,
837,ONEV,Russell 1000 Low Volatility Focused Factor Index,0,
838,ONEY,Russell 1000 Yield Focused Factor Index,0,
839,ONLN,ProShares Online Retail Index,0,
840,OQAL,Russell 1000 Quality Factor Index,0,
841,ORG,Solactive Organics Index,0,
842,OSIZ,Russell 1000 Size Factor Index,0,
843,OUSA,FTSE U.S. Qual/Vol/Yield Factor 5% Capped Index,0,
844,OUSM,FTSE USA Small Cap Qual/Vol/Yield Factor 3% Capped Index,0,
845,OVLU,Russell 1000 Value Factor Index,0,
846,OVOL,Russell 1000 Volatility Factor Index,0,
847,OYLD,Russell 1000 Yield Factor Index,0,
848,PACA,MSCI Latin America Pacific Alliance Capped Index,0,
849,PAK,MSCI All Pakistan Select 25/50 Index,0,
850,PALC,Lunt Capital U.S. Large Cap Multi-Factor Rotation Index,0,
851,PAMC,Lunt Capital U.S. MidCap Multi-Factor Rotation Index,0,
852,PAVE,INDXX U.S. Infrastructure Development Index,0,
853,PAWZ,FactSet Pet Care Index,0,
854,PBD,WilderHill New Energy Glbl Innovation TR USD,0,
855,PBDM,FTSE Developed ex North America Index,0,
856,PBE,Dynamic Biotech&Genome Intellidex TR USD,0,
857,PBEE,FTSE Emerging Index,0,
858,PBJ,Dynamic Food&Beverage Intellidex TR USD,0,
859,PBS,Dynamic Media Intellidex TR USD,0,
860,PBSM,MSCI USA Small Cap Index,0,
861,PBUS,MSCI USA Index,0,
862,PBW,WilderHill Clean Energy Mod EW TR USD,0,
863,PDEV,Nasdaq Developed Select Leaders Core Index,0,
864,PDN,FTSE RAFI Dv Ex US Mid Small 1500 NR USD,0,
865,PDP,Dorsey Wright Technical leaders TR USD,0,
866,PEJ,Dynamic Leis&Entertnmt Intellidex TR USD,0,
867,PEK,CSI 300 TR CNY,0,
868,PEX,LPX Direct Listed Private Equity TR USD,0,
869,PEXL,Pacer US Export Leaders Index,0,
870,PEY,NASDAQ US Dividend Achievers 50 TR USD,0,
871,PEZ,DWA Consumer Cyclicals Technical Leaders USD,0,
872,PFF,Preferred Shares,1,1.0
873,PFFD,BofA Merrill Lynch Diversified Core U.S. Preferred Securities Index,0,
874,PFFV,ICE U.S. Variable Rate Preferred Securities Index,0,
875,PFI,DWA Financials Technical Leaders USD,0,
876,PFM,NASDAQ US Broad Div Achievers TR USD,0,
877,PFXF,WellsFargo Hybrid&Pref Sec exFinc TR USD,0,
878,PGAL,FTSE Portugal 20 USD,0,
879,PGF,Wells Fargo Hybrid&Pref Secs Finc TR USD,0,
880,PGJ,NASDAQ Halter USX China TR USD,0,
881,PGX,Preferred Shares,1,2.0
882,PHO,NASDAQ OMX US Water TR USD,0,
883,PICK,MSCI ACWI Select Mt&MP Ex G&S IMI NR USD,0,
884,PID,NASDAQ Intl Div Achievers TR USD,0,
885,PIE,Dorsey Wright Em Mrkt Tech Ldrs NR USD,0,
886,PIN,Indus India,0,
887,PIO,NASDAQ OMX Global Water TR USD,0,
888,PIZ,Dorsey Wright Dev Mrkt Tech Ldrs NR USD,0,
889,PJP,Dynamic Pharmaceutical Intellidex TR USD,0,
890,PKB,Dynamic Building&Const Intellidex TR USD,0,
891,PKW,NASDAQ Buyback Achievers USD,0,
892,PLAT,WisdomTree Modern Tech Platforms Index,0,
893,PLC,Nasdaq US Large Cap Select Leaders Core Index,0,
894,PMOM,Nasdaq U.S. Sustainable Momentum Index,0,
895,PMR,Dynamic Retail Intellidex TR USD,0,
896,PNQI,US Internet Sector,1,2.0
897,POTX,Cannabis Index,0,
898,PPA,US Defense Sector,1,1.0
899,PPH,MV US Listed Pharmaceutical 25 NR USD,0,
900,PRF,FTSE RAFI US 1000 TR USD,0,
901,PRFZ,FTSE RAFI US Mid Small 1500 TR USD,0,
902,PRN,DWA Industrials Technical Leaders USD,0,
903,PRNT,Total 3D-Printing Index,0,
904,PSC,NASDAQ U.S. Small Cap Select Leaders Index,0,
905,PSCC,S&P SmallCap 600 Capped Cons Staples USD,0,
906,PSCD,S&P SmallCap 600 Capped Cons Disc USD,0,
907,PSCE,S&P SmallCap 600 Capped Energy USD,0,
908,PSCF,S&P SmallCap 600 Capped Financials USD,0,
909,PSCH,S&P SmallCap 600 Capped HealthCare USD,0,
910,PSCI,S&P 600 Capped Industrials TR,0,
911,PSCM,S&P SmallCap 600 Capped Materials USD,0,
912,PSCT,S&P SmallCap 600 Cap Info Tech USD,0,
913,PSCU,S&P SmallCap 600 Cap Util&Tele serv USD,0,
914,PSET,NASDAQ U.S. Price Setters Index,0,
915,PSI,Dynamic Semiconductor Intellidex TR USD,0,
916,PSJ,Dynamic Software Intellidex TR USD,0,
917,PSK,Wells Fargo Hybrid and Preferred Securities Aggregate TR USD,0,
918,PSL,DWA Consumer Staples Technical Leaders USD,0,
919,PSM,Nasdaq US Small Mid Cap Select Leaders Core Index,0,
920,PSP,Red Rocks Gbl Listed Private Eqty TR USD,0,
921,PTEU,Pacer Trendpilot European Index,0,
922,PTF,DWA Technology Technical Leaders USD,0,
923,PTH,DWA Healthcare Technical Leaders USD,0,
924,PTIN,S&P Developed Ex-US Large Cap Local Currency Total Return Index,0,
925,PTLC,Pacer Wilshire US Large-Cap Trendpilot Index,0,
926,PTMC,Pacer Wilshire US Mid-Cap Trendpilot Index,0,
927,PTNQ,Pacer NASDAQ-100 Trendpilot Index,0,
928,PUI,DWA Utilities Technical Leaders USD,0,
929,PVAL,Nasdaq U.S. Contrarian Value Index,0,
930,PWB,Dynamic Large Cap Intellidex TR USD,0,
931,PWC,Dynamic Market Intellidex TR USD,0,
932,PWV,Dynamic Large Cap Valu Intellidex TR USD,0,
933,PXE,Dynamic Enr Explo&Prod Intellidex GR USD,0,
934,PXF,FTSE RAFI Dvlp ex US 1000 TR USD,0,
935,PXH,FTSE RAFI Emerging TR USD,0,
936,PXI,DWA Energy Technical Leaders USD,0,
937,PXJ,Dynamic Oil Services Intellidex TR USD,0,
938,PXQ,Dynamic Networking Intellidex TR USD,0,
939,PY,NASDAQ U.S. Shareholder Yield Index,0,
940,PYZ,DWA Basic Materials Technical Leaders USD,0,
941,PZD,AMEX Cleantech TR USD,0,
942,QABA,NASDAQ OMX ABA Community Bank TR USD,0,
943,QARP,Russell 1000 2Qual/Val 5% Capped Factor Index,0,
944,QAT,MSCI All Qatar Capped Index,0,
945,QCLN,NASDAQ Clean Edge US Liq PR USD,0,
946,QDEF,Northern Trust Quality Div Defensive USD,0,
947,QDF,Northern Trust Quality Dividend USD,0,
948,QDIV,S&P 500 Quality High Dividend Index,0,
949,QDYN,Northern Trust Quality Dividend Dyn USD,0,
950,QEFA,MSCI EAFE Quality Mix Index,0,
951,QEMM,MSCI Emerging Markets Quality Mix Index,0,
952,QGRO,iSTOXX American Century USA Quality Growth Index,0,
953,QINT,Alpha Vee American Century Diversified International Equity Index,0,
954,QLC,Northern Trust Quality Large Cap Index,0,
955,QLV,Northern Trust Quality Low Volatility Index,0,
956,QLVD,Northern Trust Developed Markets ex-US Quality Low Volatility Index,0,
957,QLVE,Northern Trust Emerging Markets Quality Low Volatility Index,0,
958,QMJ,S&P 500 150/50 Quality 0.30% Decrement Index,0,
959,QMN,IQ Hedge Market Neutral USD,0,
960,QQEW,NASDAQ-100 Equal Weighted Index,1,1.0
961,QQQ,NASDAQ 100 TR USD,0,
962,QQQE,NASDAQ-100 Equal Weighted Index,1,2.0
963,QQQJ,NASDAQ Next Generation 100 Index,0,
964,QQQM,NASDAQ-100 Index,0,
965,QQXT,NASDAQ 100 Ex Technology TR USD,0,
966,QTEC,NASDAQ 100 Technology NTTR TR USD,0,
967,QTUM,BlueStar Quantum Computing and Machine Learning Index,0,
968,QUAL,MSCI USA Quality GR USD,0,
969,QUS,MSCI USA Quality Mix A-Series Index,0,
970,QVM,A.I. Quality Value Momentum Index,0,
971,QWLD,MSCI World Quality Mix Index,0,
972,QYLD,CBOE NASDAQ-100 BuyWrite USD,0,
973,QYLG,CBOE Nasdaq-100 Half BuyWrite V2 Index,0,
974,RAFE,RAFI ESG US Index,0,
975,RBIN,R Risk-Based International Index,0,
976,RBUS,R Risk-Based US Index,0,
977,RCD,S&P 500 Equal Weighted Cons Disc TR USD,0,
978,RDIV,Revenue Weighted Ultra Dividend USD,0,
979,RDVY,NASDAQ US Rising Dividend Achievers TR USD,0,
980,RECS,Beta Advantage Research Enhanced U.S. Equity Index,0,
981,REDV,FTSE Custom Emerging Ultra Dividend Revenue Index,0,
982,REEM,MSCI OFI Revenue Weighted Emerging Markets Index,0,
983,REFA,MSCI OFI Revenue Weighted International Index,0,
984,REGL,S&P MidCap 400 Dividend Aristocrats Index,0,
985,REMX,Rare Earth/Strategic Metals USD,0,
986,RENW,Morningstar North America Renewable Energy Index,0,
987,REVS,Beta Advantage Research Enhanced U.S. Value Index,0,
988,RFG,S&P MidCap 400 Pure Growth TR,0,
989,RFV,S&P MidCap 400 Pure Value TR,0,
990,RGI,S&P 500 Equal Weighted Indl TR USD,0,
991,RGLB,MSCI OFI Revenue Weighted Global Index,0,
992,RHS,S&P 500 Equal Weighted Cons Stpl TR USD,0,
993,RIDV,FTSE Custom Developed ex US Ultra Dividend Revenue Index,0,
994,RING,MSCI ACWI Select Gold Miners IMI NR USD,0,
995,RNDM,Nasdaq Riskalyze Developed International Equity Select Index,0,
996,RNDV,Nasdaq Riskalyze US Equity Dividend Select Index,0,
997,RNEM,Nasdaq Riskalyze Emerging Markets Equity Select Index,0,
998,RNLC,Nasdaq Riskalyze US Large Cap Index,0,
999,RNMC,Nasdaq Riskalyze US Mid Cap Index,0,
1000,RNSC,Nasdaq Riskalyze US Small Cap Index,0,
1001,ROAM,Lattice Risk-Optimized Advancing Markets Strategy Index,0,
1002,ROBO,Robo-Stox Global Robotics and Autom USD,0,
1003,ROBT,Nasdaq CTA Artificial Intelligence and Robotics Index,0,
1004,RODE,Hartford Multifactor Diversified International Index,0,
1005,RODM,Lattice Risk-Optimized Developed Markets (ex-US) Strategy Index,0,
1006,ROKT,S&PKensho Final Frontiers Index,0,
1007,ROSC,Hartford Multifactor Small Cap Index,0,
1008,ROUS,Lattice Risk-Optimized US Large Cap Equity Strategy Index,0,
1009,RPV,S&P 500 Pure Value TR,0,
1010,RSP,S&P 500 Equal Weighted TR USD,0,
1011,RSX,Russia,1,1.0
1012,RSXJ,MV Russia Small Cap NR USD,0,
1013,RTH,MV US Listed Retail 25 NR USD,0,
1014,RTM,S&P 500 Equal Weighted Materials TR USD,0,
1015,RVRS,Reverse Cap Weighted U.S. Large Cap Index,0,
1016,RWCD,MSCI USA Cyclical Sectors  USA Defensive Sectors 150/50 Return Spread Index,0,
1017,RWDC,MSCI USA Defensive Sectors  USA Cyclical Sectors 150/50 Return Spread Index,0,
1018,RWDE,MSCI EAFE IMI - Emerging Markets IMI 150/50 Return Spread Index,0,
1019,RWED,MSCI Emerging Markets IMI - EAFE IMI 150/50 Return Spread Index,0,
1020,RWGV,Russell 1000 Growth/Value 150/50 Net Spread Index,0,
1021,RWIU,FTSE All-World ex US/Russell 1000 150/50 Net Spread Index,0,
1022,RWJ,RevShares Small Cap Fund TR USD,0,
1023,RWK,RevShares Mid Cap Fund TR USD,0,
1024,RWL,RevShares Large Cap Fund TR USD,0,
1025,RWLS,Russell 1000/Russell 2000 150/50 Net Spread Index,0,
1026,RWSL,Russell 2000/Russell 1000 150/50 Net Spread Index,0,
1027,RWUI,Russell 1000/FTSE All-World ex US 150/50 Net Spread Index,0,
1028,RWVG,Russell 1000 Value/Growth 150/50 Net Spread Index,0,
1029,RWW,RevShares Large Cap Fund Fincls TR USD,0,
1030,RXI,S&P Global 1200 Sec/Cons Disc TR,0,
1031,RYE,S&P 500 Equal Weighted Energy TR USD,0,
1032,RYF,S&P 500 Equal Weighted Financials TR USD,0,
1033,RYH,S&P 500 Equal Weighted HC TR USD,0,
1034,RYJ,RaymondJames SB1 Equity Incorporated USD,0,
1035,RYLD,Cboe Russell 2000 BuyWrite Index,0,
1036,RYT,S&P 500 Equal Weighted IT TR USD,0,
1037,RYU,S&P 500 Equal Weighted Util&Teles TR USD,0,
1038,RZG,S&P SmallCap 600 Pure Growth TR,0,
1039,RZV,S&P SmallCap 600 Pure Value TR,0,
1040,SBIO,Poliwogg Medical Breakthroughs Index,0,
1041,SCHA,DJ US TSM Small Cap TR USD,0,
1042,SCHB,DJ US Broad Stock Market TR USD,0,
1043,SCHC,EAFE Small Cap,1,2.0
1044,SCHD,DJ US Dividend 100 TR USD,0,
1045,SCHE,FTSE Emerging NR USD,0,
1046,SCHF,FTSE Dv Ex US NR USD,0,
1047,SCHG,DJ US TSM Large Cap Growth TR USD,0,
1048,SCHK,Schwab 1000 Index,0,
1049,SCHM,DJ US TSM Mid Cap TR USD,0,
1050,SCHV,DJ US TSM Large Cap Value TR USD,0,
1051,SCHX,DJ US TSM Large Cap TR USD,0,
1052,SCID,Scientific Beta Extended Europe Multi-Beta Multi-Strategy Equal,0,
1053,SCIF,MV India Small Cap NR USD,0,
1054,SCIJ,Scientific Beta Japan Multi-Beta Multi-Strategy Equal Risk Contr,0,
1055,SCIU,Scientific Beta United States Multi-Beta Multi-Strategy Equal Ri,0,
1056,SCIX,Scientific Beta Developed Asia-Pacific ex Japan Multi-Beta Multi,0,
1057,SCJ,MSCI Japan Small Cap NR USD,0,
1058,SCZ,EAFE Small Cap,1,1.0
1059,SDEM,Indxx SuperDividend Emerging Markets Index,0,
1060,SDG,MSCI ACWI Sustainable Impact Index,0,
1061,SDGA,Morningstar Societal Development Index,0,
1062,SDIV,Solactive Global SuperDividend TR USD,0,
1063,SDOG,S-Network Sector Dividend Dogs USD,0,
1064,SDVY,NASDAQ US Small Mid Cap Rising Dividend Achievers Index,0,
1065,SDY,S&P High Yield Dividend Aristcrts TR USD,0,
1066,SEA,Dow Jones Global Shipping USD,0,
1067,SFY,Solactive SoFi US 500 Growth Index,0,
1068,SFYF,Solactive SoFi US 50 Growth Index,0,
1069,SFYX,Solactive SoFi US Next 500 Growth Index,0,
1070,SGDJ,Sprott Zacks Junior Gold Miners Index,0,
1071,SGDM,Sprott Zacks Gold Miners Index,0,
1072,SHE,SSGA Gender Diversity Index,0,
1073,SHLD,Nasdaq Yewno Aerospace & Defense Index,0,
1074,SIL,Solactive Global Silver Miners TR USD,0,
1075,SILJ,ISE Junior Silver (SM Miners/Explor) USD,0,
1076,SIMS,S&P Kensho Intelligent Infrastructure Index,0,
1077,SIZE,MSCI USA Risk Weighted GR USD,0,
1078,SKYY,ISE Cloud Computing USD,0,
1079,SLIM,Solactive Obesity Index,0,
1080,SLT,Salt truBeta High Exposure Index,0,
1081,SLVP,MSCI ACWI Select Silver Miner IMI NR USD,0,
1082,SLX,NYSE Arca Steel TR USD,0,
1083,SLY,S&P SmallCap 600 Index,1,2.0
1084,SLYG,S&P Smallcap 600 Growth Index,1,2.0
1085,SLYV,S&P Smallcap 600 Value Index,1,2.0
1086,SMDV,Russell 2000 Dividend Growth Index,0,
1087,SMDY,Syntax Stratified MidCap Index,0,
1088,SMEZ,EURO STOXX Small Index,0,
1089,SMH,MV US Listed Semiconductor 25 NR USD,0,
1090,SMIN,MSCI India Small NR USD,0,
1091,SMLF,MSCI USA Small Cap Diversified Multi-Factor Index,0,
1092,SMLV,Russell 2000 Low Volatility TR USD,0,
1093,SMMD,US Small Caps,1,2.0
1094,SMMV,MSCI USA Small Cap Minimum Volatility (USD) Index,0,
1095,SMOG,Ardour Global Index Extra Liquid,0,
1096,SNPE,S&P 500 ESG Index,0,
1097,SNSR,Indxx Global Internet of Things Thematic Index,0,
1098,SOCL,Solactive Social Media USD,0,
1099,SOIL,Solactive Global F/P TR USD,0,
1100,SOXX,PHLX Semiconductor Sector USD,0,
1101,SPAK,Indxx SPAC & NextGen IPO Index,0,
1102,SPDV,S&P 500 Dividend & Free Cash Flow Yield Index,0,
1103,SPDW,S&P Developed Ex-U.S. BMI Index,0,
1104,SPEM,S&P Emerging BMI Index,0,
1105,SPEU,STOXX Europe Total Market Index,0,
1106,SPFF,S&P Enhded Yld Nor Amer Preferred Stock USD,0,
1107,SPGM,MSCI ACWI IMI Index,0,
1108,SPGP,S&P 500 Growth at a Reasonable Price Index,0,
1109,SPHB,S&P 500 High Beta USD,0,
1110,SPHD,S&P 500 Low Volatility High Dividend USD,0,
1111,SPHQ,S&P 500 High Quality TR USD,0,
1112,SPLG,SSGA Large Cap Index,0,
1113,SPLV,S&P 500 Low Volatility TR USD,0,
1114,SPMD,S&P 1000 Index,0,
1115,SPMO,S&P 500 Momentum Index,0,
1116,SPMV,S&P 500 Minimum Volatility Index,0,
1117,SPQQ,Siren Large Cap Blend Index,0,
1118,SPSM,SSGA Small Cap Index,0,
1119,SPTM,SSGA Total Stock Market Index,0,
1120,SPUS,S&P 500 Shariah Industry Exclusions Index,0,
1121,SPVU,S&P 500 Enhanced Value Index,0,
1122,SPXE,S&P 500 Ex-Energy Index,0,
1123,SPXN,S&P 500 Ex-Financials Index,0,
1124,SPXT,S&P 500 Ex-Information Technology & Telecommunication Services I,0,
1125,SPXV,S&P 500 Ex-Health Care Index,0,
1126,SPY,S&P 500 Index,1,1.0
1127,SPYB,S&P 500 Buyback Index,0,
1128,SPYD,S&P 500 High Dividend Index,0,
1129,SPYG,S&P 500 Growth Index,1,2.0
1130,SPYV,S&P 500 Value Index,1,2.0
1131,SPYX,S&P 500 Fossil Fuel Free Index,0,
1132,SQLV,Royce Small-Cap Quality Value Index,0,
1133,SSLY,Syntax Stratified SmallCap Index,0,
1134,SSPY,Syntax Stratified LargeCap Index,0,
1135,STLC,Russell US Large Cap Factors Blend Style Index,0,
1136,STLG,Russell US Large Cap Factors Growth Style Index,0,
1137,STLV,Russell US Large Cap Factors Value Style Index,0,
1138,STMB,Russell US Mid Cap Factors Blend Style Index,0,
1139,STSB,Russell US Small Cap Factors Blend Style Index,0,
1140,SUSA,MSCI USA Extended ESG Select Index,0,
1141,SUSL,MSCI USA Extended ESG Leaders Index,0,
1142,SVAL,Russell 2000 Focused Value Select Index,0,
1143,SZNE,Pacer CFRA-Stovall Equal Weight Seasonal Rotation Index,0,
1144,TAN,MAC Global Solar Energy TR USD,0,
1145,TBLU,Tortoise Water Index,0,
1146,TDIV,NASDAQ Technology Dividend USD,0,
1147,TDV,S&PTechnology Dividend AristocratsIndex,0,
1148,TECB,NYSE FactSet U.S. Tech Breakthrough Index,0,
1149,THCX,Innovation Labs Cannabis Index,0,
1150,THD,MSCI Thailand IMI 25-50 NR USD,0,
1151,THNQ,ROBO Global Artificial Intelligence Index,0,
1152,TILT,Morningstar US Mkt Factor Tilt TR USD,0,
1153,TLDH,Morningstar Developed Markets ex-US Factor Tilt Hedged Index,0,
1154,TLEH,Morningstar Emerging Markets Factor Tilt Hedged Index,0,
1155,TLTD,Morningstar Dev Mkt ex-US Ft Tilt GR USD,0,
1156,TLTE,Morningstar Emg Mkts Factor Tilt NR USD,0,
1157,TMDV,Russell 3000 Dividend Elite Index,0,
1158,TMFC,Motley Fool 100 index,0,
1159,TOK,MSCI Kokusai NR USD,0,
1160,TOLZ,Dow Jones Brookfield Global Infrastructure Composite USD,0,
1161,TPAY,Tortoise Global Digital Payments Infrastructure Index,0,
1162,TPHD,Victory U.S. Large Cap High Dividend Volatility Weighted BRI Index,0,
1163,TPIF,Victory International 500 Volatility Weighted BRI Index,0,
1164,TPLC,Victory US Large Cap Volatility Weighted BRI Index,0,
1165,TPSC,Victory US Small Cap Volatility Weighted BRI Index,0,
1166,TPYP,Tortoise North American Pipeline Index,0,
1167,TRND,"Pacer Trendpilot US Large Cap Index, Pacer Trendpilot US Mid Cap Index, Pacer NASDAQ-100 Trendpilot Index, Pacer Trendpilot Inte",0,
1168,TTTN,Nasdaq China US Internet Tiger Index,0,
1169,TUR,MSCI Turkey IMI NR USD,0,
1170,TUSA,NASDAQ AlphaDEX Total US Market Index,0,
1171,UAE,MSCI All UAE Capped Index,0,
1172,UEVM,MSCI Emerg Markets Select Value Momentum Blend Index,0,
1173,UFO,S-Network Space Index,0,
1174,UIVM,MSCI World ex USA Select Value Momentum Blend Index,0,
1175,ULVM,MSCI USA Select Value Momentum Blend Index,0,
1176,URA,Solactive Global Uranium TR USD,0,
1177,URNM,North Shore Global Uranium Mining Index,0,
1178,URTH,MSCI World NR USD,0,
1179,USAI,American Energy Independence Index,0,
1180,USEQ,Russell 1000 Enhanced Value Equal Weight Index,0,
1181,USLB,Russell 1000 Low Beta Equal Weight Index,0,
1182,USMC,Nasdaq US Mega Cap Select Leaders Index,0,
1183,USMF,WisdomTree U.S. Multifactor Index,0,
1184,USMV,MSCI USA Minimum Volatility (USD) NR USD,0,
1185,USSG,MSCI USA ESG Leaders Index,0,
1186,USVM,MSCI USA Sm Cap Select Value Momentum Blend Index,0,
1187,USXF,MSCI USA Choice ESG Screened Index,0,
1188,VALQ,iSTOXX American Century USA Quality Value Index,0,
1189,VAW,US Materials Sector,1,2.0
1190,VB,MSCI US Small Cap 1750 NR USD,0,
1191,VBK,MSCI US Small Cap Growth NR USD,0,
1192,VBR,MSCI US Small Cap Value NR USD,0,
1193,VCR,Consumer Discretionary Sector,1,2.0
1194,VDC,Consumer Staples Sector,1,2.0
1195,VDE,Energy Sector,1,2.0
1196,VEA,EAFE,1,1.0
1197,VEGI,MSCI ACWI Select Agricul Prod IMI NR USD,0,
1198,VEGN,US Vegan Climate Index,0,
1199,VETS,Military Times Best for Vets Index,0,
1200,VEU,All World Ex US,1,1.0
1201,VFH,US Financials Sector,1,2.0
1202,VGK,Eurozone,1,2.0
1203,VGT,US Technology Sector,1,2.0
1204,VHT,US Healthcare Sector,1,2.0
1205,VIDI,Vident International Equity USD,0,
1206,VIG,NASDAQ US Div Achievers Select TR USD,0,
1207,VIGI,NASDAQ International Dividend Achievers Select Index,0,
1208,VIOG,S&P Smallcap 600 Growth Index,1,3.0
1209,VIOO,S&P SmallCap 600 Index,1,3.0
1210,VIOV,S&P Smallcap 600 Value Index,1,3.0
1211,VIRS,LifeSci BioThreat Strategy Index,0,
1212,VIS,US Industrials Sector,1,2.0
1213,VLU,S&P 1500 Low Valuation Tilt TR USD,0,
1214,VLUE,MSCI USA Value Weighted GR USD,0,
1215,VMOT,Alpha Architect Value Momentum Trend Index,0,
1216,VNM,MV Vietnam NR USD,0,
1217,VO,CRSP US Mid Cap TR USD,0,
1218,VOE,CRSP US Mid Cap Value TR USD,0,
1219,VONE,Russell 1000 Index,1,2.0
1220,VONG,Russell 1000 Growth Index,1,2.0
1221,VONV,Russell 1000 Value Index,1,2.0
1222,VOO,S&P 500 Index,1,3.0
1223,VOOG,S&P 500 Growth Index,1,3.0
1224,VOOV,S&P 500 Value Index,1,3.0
1225,VOT,CRSP US Mid Cap Growth TR USD,0,
1226,VOX,US Communications Sector,1,1.0
1227,VPL,FTSE Developed Asia Pacific NR USD,0,
1228,VPN,Solactive Data Center REITs & Digital Infrastructure Index,0,
1229,VPU,US Utilities Sector,1,2.0
1230,VRAI,Indxx Real Asset Income Index,0,
1231,VRP,Wells Fargo Hybrid and Preferred Securities Floating and Variable Rate USD,0,
1232,VSDA,Nasdaq Victory Dividend Accelerator Index,0,
1233,VSGX,FTSE Global All Cap ex US Choice Index,0,
1234,VSL,Volshares Large Cap Index,0,
1235,VSMV,Nasdaq Victory US Multi-Factor Minimum Volatility Index,0,
1236,VSS,FTSE Gbl SmallCap Ex US TR USD,0,
1237,VT,All World,1,2.0
1238,VTHR,Russell 3000 Index,1,2.0
1239,VTI,US Total Market,1,1.0
1240,VTRN,Veterans Select Index,0,
1241,VTV,MSCI US Prime Market Value NR USD,0,
1242,VTWG,Russell 2000 Growth Index,1,2.0
1243,VTWO,Russell 2000 Index,1,2.0
1244,VTWV,Russell 2000 Value Index,1,2.0
1245,VUG,MSCI US Prime Market Growth NR USD,0,
1246,VUSE,Vident Core U.S. Equity USD,0,
1247,VV,MSCI US Prime Market 750 NR USD,0,
1248,VWO,Emerging Markets,1,2.0
1249,VXF,US Small Caps,1,1.0
1250,VXUS,All World Ex US,1,2.0
1251,VYM,FTSE High Dividend Yield TR USD,0,
1252,VYMI,FTSE All-World ex US High Dividend Yield Index,0,
1253,WBIY,Solactive Power Factor High Dividend Index,0,
1254,WCHN,S&P China 500 Index,0,
1255,WCLD,BVP Nasdaq Emerging Cloud Index,0,
1256,WDIV,S&P Global Dividend Aristocrats TR USD,0,
1257,WFH,Solactive Remote Work Index,0,
1258,WLDR,Thomson Reuters StarMine Affinity World Leaders Index,0,
1259,WOMN,Morningstar Women s Empowerment Index,0,
1260,WOOD,S&P Global Timber and Forestry TR USD,0,
1261,WWJD,Inspire International ESG Index,0,
1262,WWOW,Indxx US Circular Economy Index,0,
1263,XAR,S&P Aerospace & Defense Select Industry TR USD,0,
1264,XBI,S&P Biotechnology Select Industry TR USD,0,
1265,XBUY,EQM International Ecommerce Index,0,
1266,XCEM,EGAI Emerging Markets ex-China Index,0,
1267,XDIV,Solactive US Ex-Dividends Index Series 2027,0,
1268,XES,S&P Oil&Gas Equip&Svcs Sel Indust TR USD,0,
1269,XHB,S&P Homebuilders Select Industry TR USD,0,
1270,XHE,S&P HealthCare Equip Sel Industry TR USD,0,
1271,XHS,S&P Health Care Services Select Industry TR USD,0,
1272,XITK,FactSet Innovative Technology Index,0,
1273,XJH,S&P MidCap 400 Sustainability Screened Index,0,
1274,XJR,S&P SmallCap 600 Sustainability Screened Index,0,
1275,XLB,US Materials Sector,1,1.0
1276,XLC,US Communications Sector,1,2.0
1277,XLE,Energy Sector,1,1.0
1278,XLF,US Financials Sector,1,1.0
1279,XLG,Russell Top 50 Mega CapTR USD,0,
1280,XLI,US Industrials Sector,1,1.0
1281,XLK,US Technology Sector,1,1.0
1282,XLP,Consumer Staples Sector,1,1.0
1283,XLU,US Utilities Sector,1,1.0
1284,XLV,US Healthcare Sector,1,1.0
1285,XLY,Consumer Discretionary Sector,1,1.0
1286,XME,S&P Metals&Mining Select Industry TR USD,0,
1287,XMHQ,S&P MidCap 400 Quality Index,0,
1288,XMLV,S&P MidCap 400 Low Volatility TR USD,0,
1289,XMMO,S&P MidCap 400 Momentum Index,0,
1290,XMVM,S&P 400 High Momentum Value Index,0,
1291,XNTK,NYSE Technology Index,0,
1292,XOP,S&P Oil&Gas Explor&Pro Sel Indust TR USD,0,
1293,XOUT,XOUT U.S. Large Cap Index,0,
1294,XPH,S&P Pharms Select Industry TR USD,0,
1295,XRLV,S&P 500 Low Volatility Rate Response Index,0,
1296,XRT,S&P Retail Select Industry TR USD,0,
1297,XSD,S&P Semi Select Industry TR USD,0,
1298,XSHD,S&P SmallCap 600 Low Volatility High Dividend Index,0,
1299,XSHQ,S&P SmallCap 600 Quality Index,0,
1300,XSLV,S&P SmallCap 600 Low Volatility TR USD,0,
1301,XSMO,S&P SmallCap 600 Momentum Index,0,
1302,XSOE,WisdomTree Emerging Markets ex-State-Owned Enterprises Index,0,
1303,XSVM,S&P 600 High Momentum Value Index,0,
1304,XSW,S&P Soft&Sevs Select Industry TR USD,0,
1305,XT,Morningstar Exponential Technologies Index,0,
1306,XTH,S&P Technology Hardware Select Industry Index,0,
1307,XTL,S&P Telecom Select Industry TR USD,0,
1308,XTN,S&P Transpt Select Industry TR USD,0,
1309,XVV,S&P 500 Sustainability Screened Index,0,
1310,XWEB,S&P Internet Select Industry Index,0,
1311,XYLD,CBOE S&P500 BuyWrite Index,0,
1312,XYLG,CBOE S&P 500 Half BuyWrite Index,0,
1313,YLCO,Indxx Global YieldCo Index,0,
1314,ZCAN,Solactive GBS Canada Large & Mid Cap Index,0,
1315,ZDEU,Germany,1,2.0
1316,ZGBR,Solactive GBS United Kingdom Large & Mid Cap Index,0,
1317,ZHOK,Solactive GBS Hong Kong Large & Mid Cap USD Index,0,
1318,ZIG,Acquirers Index,0,
1319,ZJPN,Solactive GBS Japan Large & Mid Cap Index,0,
1320,ZMLP,Zacks MLP USD,0,
